{
  "users": [
    {
      "id": 1,
      "firstName": "bhanu",
      "lastName": "prakash",
      "address": "jdxhj",
      "city": "dbaxj",
      "state": "sdj jd cj",
      "pincode": 25151,
      "country": "jsdbcjhc",
      "trainer": "male",
      "package": "500"
    },
    {
      "id": 2,
      "firstName": "sasi",
      "lastName": "kumar",
      "address": "ange",
      "city": "kdkr",
      "state": "andhra",
      "pincode": 1255721,
      "country": "india",
      "trainer": "female",
      "package": "500",
      "mobileno": 261286812217
    }
  ]
}