{
    "Registration": [
      {
        "id": 1,
        "name": "First",
        "password":"abc",
         "Rpasword": "...",
         "email":"first@gmail.com"
      },
      {
        "id": 2,
        "name": "second",
        "password":"bcd",
         "Rpasword": "...",
         "email":"second@gmail.com"
      },
      {
        "id": 3,
        "name": "third",
        "password":"def",
         "Rpasword": "...",
         "email":"third@gmail.com"
      }
    ]
  }
      